0,1253,1,0.2
1,1018,1,0.2
2,928,0.995062,0.2
3,1539,0.990149,0.2
4,906,0.985261,0.2
5,2096,0.980397,0.2
6,1802,0.975557,0.2
7,1097,0.970741,0.2
8,722,0.965949,0.2
9,1993,0.961182,0.2
10,863,0.956438,0.2
11,1106,0.951717,0.2
12,1611,0.94702,0.2
13,1271,0.942347,0.2
14,939,0.937697,0.2
15,1277,0.93307,0.2
16,687,0.928466,0.2
17,1569,0.923885,0.2
18,1550,0.919327,0.2
19,853,0.914792,0.2
20,1818,0.910279,0.2
21,2252,0.905789,0.2
22,1779,0.901321,0.2
23,1798,0.896876,0.2
24,1311,0.892452,0.2
25,1114,0.888051,0.2
26,1876,0.883672,0.2
27,1280,0.879314,0.2
28,1560,0.874979,0.2
29,1655,0.870665,0.2
30,1961,0.866372,0.2
31,750,0.862101,0.2
32,1314,0.857851,0.2
33,2202,0.853622,0.2
34,2034,0.849415,0.2
35,1709,0.845228,0.2
36,1409,0.841062,0.2
37,1537,0.836918,0.2
38,1149,0.832793,0.2
39,1632,0.82869,0.2
40,1595,0.824606,0.2
41,1485,0.820543,0.2
42,1820,0.816501,0.2
43,751,0.812478,0.2
44,1373,0.808476,0.2
45,2022,0.804494,0.2
46,1195,0.800531,0.2
47,1806,0.796588,0.2
48,1613,0.792665,0.2
49,982,0.788762,0.2
50,1862,0.784877,0.2
51,830,0.781013,0.2
52,909,0.777167,0.2
53,1309,0.773341,0.2
54,1146,0.769534,0.2
55,1271,0.765746,0.2
56,1421,0.761976,0.2
57,843,0.758226,0.2
58,1579,0.754494,0.2
59,2061,0.750781,0.2
60,1624,0.747086,0.2
61,762,0.74341,0.2
62,1480,0.739752,0.2
63,1270,0.736112,0.2
64,922,0.732491,0.2
65,1228,0.728888,0.2
66,1278,0.725302,0.2
67,761,0.721734,0.2
68,464,0.718185,0.2
69,731,0.714653,0.2
70,1767,0.711138,0.2
71,1432,0.707641,0.2
72,964,0.704162,0.2
73,1186,0.7007,0.2
74,1640,0.697255,0.2
75,851,0.693827,0.2
76,1382,0.690416,0.2
77,1331,0.687023,0.2
78,1405,0.683646,0.2
79,807,0.680286,0.2
80,1816,0.676943,0.2
81,847,0.673617,0.2
82,1666,0.670307,0.2
83,1399,0.667014,0.2
84,1777,0.663737,0.2
85,1741,0.660476,0.2
86,762,0.657232,0.2
87,1739,0.654004,0.2
88,1041,0.650792,0.2
89,1742,0.647596,0.2
90,1535,0.644416,0.2
91,1676,0.641252,0.2
92,933,0.638103,0.2
93,1095,0.634971,0.2
94,1305,0.631854,0.2
95,926,0.628752,0.2
96,1039,0.625666,0.2
97,1593,0.622596,0.2
98,1250,0.61954,0.2
99,906,0.6165,0.2
100,955,0.613475,0.2
101,1226,0.610465,0.2
102,827,0.607471,0.2
103,486,0.604491,0.2
104,539,0.601526,0.2
105,1232,0.598575,0.2
106,1022,0.59564,0.2
107,2026,0.592719,0.2
108,1099,0.589813,0.2
109,843,0.586921,0.2
110,893,0.584043,0.2
111,482,0.58118,0.2
112,961,0.578332,0.2
113,1547,0.575497,0.2
114,1103,0.572677,0.2
115,1573,0.56987,0.2
116,801,0.567078,0.2
117,428,0.564299,0.2
118,1672,0.561535,0.2
119,808,0.558784,0.2
120,1414,0.556047,0.2
121,1009,0.553324,0.2
122,1639,0.550614,0.2
123,1649,0.547917,0.2
124,1420,0.545234,0.2
125,661,0.542565,0.2
126,476,0.539909,0.2
127,1091,0.537266,0.2
128,860,0.534636,0.2
129,1055,0.532019,0.2
130,1604,0.529416,0.2
131,1014,0.526825,0.2
132,1388,0.524248,0.2
133,1337,0.521683,0.2
134,1833,0.519131,0.2
135,1538,0.516591,0.2
136,1215,0.514065,0.2
137,1390,0.511551,0.2
138,1664,0.509049,0.2
139,777,0.50656,0.2
140,1209,0.504084,0.2
141,1568,0.501619,0.2
142,1398,0.499167,0.2
143,841,0.496728,0.2
144,457,0.4943,0.2
145,1892,0.491885,0.2
146,1445,0.489481,0.2
147,697,0.48709,0.2
148,965,0.48471,0.2
149,1474,0.482343,0.2
150,1633,0.479987,0.2
151,1245,0.477643,0.2
152,814,0.475311,0.2
153,1749,0.47299,0.2
154,1801,0.470681,0.2
155,1244,0.468383,0.2
156,1173,0.466097,0.2
157,1654,0.463822,0.2
158,1183,0.461559,0.2
159,1441,0.459306,0.2
160,1942,0.457065,0.2
161,590,0.454836,0.2
162,1365,0.452617,0.2
163,1220,0.450409,0.2
164,1406,0.448213,0.2
165,994,0.446027,0.2
166,1352,0.443853,0.2
167,1674,0.441689,0.2
168,2070,0.439536,0.2
169,761,0.437393,0.2
170,925,0.435262,0.2
171,484,0.433141,0.2
172,1418,0.43103,0.2
173,1082,0.42893,0.2
174,1545,0.426841,0.2
175,872,0.424762,0.2
176,1384,0.422693,0.2
177,1781,0.420635,0.2
178,1564,0.418587,0.2
179,2032,0.416549,0.2
180,1045,0.414522,0.2
181,611,0.412504,0.2
182,1609,0.410496,0.2
183,605,0.408499,0.2
184,1141,0.406511,0.2
185,1356,0.404534,0.2
186,1290,0.402566,0.2
187,977,0.400608,0.2
188,1225,0.39866,0.2
189,1836,0.396722,0.2
190,1009,0.394793,0.2
191,1182,0.392874,0.2
192,1899,0.390964,0.2
193,641,0.389064,0.2
194,1219,0.387173,0.2
195,1570,0.385292,0.2
196,588,0.38342,0.2
197,1240,0.381558,0.2
198,840,0.379705,0.2
199,1426,0.377861,0.2
200,1736,0.376026,0.2
201,1498,0.374201,0.2
202,1587,0.372384,0.2
203,851,0.370577,0.2
204,1357,0.368778,0.2
205,1307,0.366989,0.2
206,1872,0.365209,0.2
207,819,0.363437,0.2
208,842,0.361674,0.2
209,1376,0.35992,0.2
210,1445,0.358175,0.2
211,1661,0.356438,0.2
212,2013,0.354711,0.2
213,1393,0.352991,0.2
214,831,0.351281,0.2
215,1496,0.349578,0.2
216,946,0.347885,0.2
217,797,0.3462,0.2
218,1563,0.344523,0.2
219,501,0.342854,0.2
220,1360,0.341194,0.2
221,483,0.339542,0.2
222,1873,0.337899,0.2
223,1412,0.336263,0.2
224,1645,0.334636,0.2
225,1468,0.333017,0.2
226,1255,0.331406,0.2
227,1545,0.329803,0.2
228,1682,0.328208,0.2
229,1674,0.326621,0.2
230,709,0.325042,0.2
231,1294,0.32347,0.2
232,1300,0.321907,0.2
233,1309,0.320351,0.2
234,2065,0.318803,0.2
235,1778,0.317263,0.2
236,1538,0.315731,0.2
237,1374,0.314206,0.2
238,1237,0.312689,0.2
239,2062,0.311179,0.2
240,1965,0.309677,0.2
241,813,0.308182,0.2
242,2124,0.306695,0.2
243,1798,0.305215,0.2
244,700,0.303743,0.2
245,2101,0.302278,0.2
246,1873,0.30082,0.2
247,1437,0.29937,0.2
248,793,0.297926,0.2
249,1719,0.29649,0.2
250,1098,0.295061,0.2
251,1307,0.29364,0.2
252,1371,0.292225,0.2
253,1332,0.290817,0.2
254,967,0.289417,0.2
255,1661,0.288023,0.2
256,1432,0.286637,0.2
257,738,0.285257,0.2
258,1456,0.283884,0.2
259,886,0.282518,0.2
260,1291,0.281159,0.2
261,1276,0.279806,0.2
262,969,0.278461,0.2
263,666,0.277122,0.2
264,1558,0.27579,0.2
265,1384,0.274464,0.2
266,1218,0.273145,0.2
267,1317,0.271832,0.2
268,1444,0.270527,0.2
269,1271,0.269227,0.2
270,1332,0.267934,0.2
271,732,0.266648,0.2
272,1155,0.265368,0.2
273,1828,0.264094,0.2
274,1194,0.262827,0.2
275,1771,0.261566,0.2
276,1209,0.260311,0.2
277,1492,0.259063,0.2
278,1065,0.257821,0.2
279,1840,0.256585,0.2
280,1838,0.255355,0.2
281,1436,0.254131,0.2
282,1796,0.252913,0.2
283,777,0.251702,0.2
284,2242,0.250496,0.2
285,1772,0.249297,0.2
286,1315,0.248103,0.2
287,1468,0.246916,0.2
288,1458,0.245734,0.2
289,817,0.244558,0.2
290,1375,0.243389,0.2
291,981,0.242225,0.2
292,831,0.241066,0.2
293,751,0.239914,0.2
294,783,0.238767,0.2
295,1116,0.237626,0.2
296,1431,0.236491,0.2
297,1321,0.235361,0.2
298,904,0.234237,0.2
299,985,0.233119,0.2
300,1667,0.232006,0.2
301,809,0.230899,0.2
302,1164,0.229797,0.2
303,1721,0.228701,0.2
304,519,0.22761,0.2
305,1173,0.226525,0.2
306,1044,0.225445,0.2
307,1154,0.22437,0.2
308,1766,0.223301,0.2
309,1118,0.222237,0.2
310,954,0.221179,0.2
311,1574,0.220125,0.2
312,1216,0.219077,0.2
313,846,0.218035,0.2
314,1256,0.216997,0.2
315,976,0.215965,0.2
316,1552,0.214937,0.2
317,1347,0.213915,0.2
318,747,0.212898,0.2
319,1042,0.211886,0.2
320,876,0.210879,0.2
321,755,0.209878,0.2
322,512,0.208881,0.2
323,1383,0.207889,0.2
324,1499,0.206902,0.2
325,1673,0.20592,0.2
326,1075,0.204943,0.2
327,1152,0.20397,0.2
328,1352,0.203003,0.2
329,648,0.20204,0.2
330,1364,0.201082,0.2
331,1699,0.200129,0.2
332,970,0.199181,0.2
333,1932,0.198238,0.2
334,660,0.197299,0.2
335,759,0.196365,0.2
336,1313,0.195435,0.2
337,1597,0.19451,0.2
338,659,0.19359,0.2
339,835,0.192674,0.2
340,1226,0.191763,0.2
341,1351,0.190857,0.2
342,906,0.189955,0.2
343,914,0.189057,0.2
344,1781,0.188164,0.2
345,537,0.187275,0.2
346,1105,0.186391,0.2
347,996,0.185512,0.2
348,1021,0.184636,0.2
349,873,0.183765,0.2
350,1134,0.182899,0.2
351,1249,0.182036,0.2
352,1007,0.181178,0.2
353,960,0.180324,0.2
354,1047,0.179475,0.2
355,1528,0.17863,0.2
356,1141,0.177789,0.2
357,1484,0.176952,0.2
358,1189,0.176119,0.2
359,1374,0.175291,0.2
360,614,0.174466,0.2
361,1540,0.173646,0.2
362,872,0.17283,0.2
363,995,0.172018,0.2
364,1327,0.17121,0.2
365,2309,0.170405,0.2
366,1286,0.169605,0.2
367,1125,0.168809,0.2
368,1158,0.168017,0.2
369,1801,0.167229,0.2
370,1116,0.166445,0.2
371,1788,0.165665,0.2
372,935,0.164888,0.2
373,505,0.164116,0.2
374,1714,0.163347,0.2
375,1388,0.162582,0.2
376,1602,0.161821,0.2
377,1304,0.161064,0.2
378,1138,0.160311,0.2
379,1711,0.159561,0.2
380,1915,0.158815,0.2
381,481,0.158073,0.2
382,1556,0.157334,0.2
383,1383,0.1566,0.2
384,1148,0.155868,0.2
385,683,0.155141,0.2
386,1075,0.154417,0.2
387,420,0.153697,0.2
388,1208,0.15298,0.2
389,1576,0.152267,0.2
390,1511,0.151557,0.2
391,662,0.150851,0.2
392,1265,0.150149,0.2
393,662,0.14945,0.2
394,704,0.148754,0.2
395,1062,0.148062,0.2
396,1332,0.147374,0.2
397,420,0.146689,0.2
398,1992,0.146007,0.2
399,1125,0.145328,0.2
400,1313,0.144654,0.2
401,1334,0.143982,0.2
402,933,0.143314,0.2
403,883,0.142649,0.2
404,1484,0.141987,0.2
405,1524,0.141329,0.2
406,993,0.140674,0.2
407,973,0.140022,0.2
408,676,0.139374,0.2
409,707,0.138728,0.2
410,1271,0.138086,0.2
411,732,0.137448,0.2
412,1016,0.136812,0.2
413,1535,0.136179,0.2
414,925,0.13555,0.2
415,1273,0.134924,0.2
416,1158,0.134301,0.2
417,672,0.133681,0.2
418,1570,0.133064,0.2
419,550,0.13245,0.2
420,1252,0.13184,0.2
421,986,0.131232,0.2
422,1147,0.130627,0.2
423,977,0.130026,0.2
424,823,0.129427,0.2
425,524,0.128831,0.2
426,1312,0.128239,0.2
427,1397,0.127649,0.2
428,510,0.127062,0.2
429,1746,0.126478,0.2
430,1115,0.125897,0.2
431,1364,0.125319,0.2
432,741,0.124744,0.2
433,1252,0.124172,0.2
434,1198,0.123602,0.2
435,783,0.123036,0.2
436,671,0.122472,0.2
437,1208,0.121911,0.2
438,1101,0.121353,0.2
439,1077,0.120798,0.2
440,495,0.120245,0.2
441,1115,0.119695,0.2
442,730,0.119148,0.2
443,1291,0.118604,0.2
444,1217,0.118062,0.2
445,877,0.117523,0.2
446,1474,0.116987,0.2
447,1595,0.116453,0.2
448,1584,0.115922,0.2
449,1381,0.115394,0.2
450,1002,0.114868,0.2
451,1619,0.114345,0.2
452,861,0.113825,0.2
453,1313,0.113307,0.2
454,1524,0.112792,0.2
455,1355,0.112279,0.2
456,1193,0.111769,0.2
457,1190,0.111261,0.2
458,997,0.110756,0.2
459,825,0.110254,0.2
460,696,0.109754,0.2
461,1619,0.109256,0.2
462,964,0.108761,0.2
463,1841,0.108269,0.2
464,1112,0.107779,0.2
465,1114,0.107291,0.2
466,1328,0.106806,0.2
467,1527,0.106323,0.2
468,1140,0.105842,0.2
469,1379,0.105364,0.2
470,1130,0.104889,0.2
471,678,0.104415,0.2
472,575,0.103945,0.2
473,978,0.103476,0.2
474,1459,0.10301,0.2
475,507,0.102546,0.2
476,1562,0.102084,0.2
477,1240,0.101625,0.2
478,775,0.101168,0.2
479,1365,0.100713,0.2
480,848,0.100261,0.2
481,1110,0.0998108,0.2
482,671,0.0993628,0.2
483,1157,0.0989171,0.2
484,1047,0.0984737,0.2
485,946,0.0980324,0.2
486,1110,0.0975933,0.2
487,1330,0.0971565,0.2
488,1009,0.0967218,0.2
489,779,0.0962892,0.2
490,675,0.0958589,0.2
491,648,0.0954307,0.2
492,922,0.0950046,0.2
493,939,0.0945806,0.2
494,679,0.0941588,0.2
495,708,0.093739,0.2
496,953,0.0933214,0.2
497,817,0.0929058,0.2
498,876,0.0924923,0.2
499,696,0.0920809,0.2
500,1095,0.0916715,0.2
501,1025,0.0912641,0.2
502,671,0.0908588,0.2
503,789,0.0904556,0.2
504,530,0.0900543,0.2
505,670,0.089655,0.2
506,1525,0.0892577,0.2
507,781,0.0888624,0.2
508,767,0.0884691,0.2
509,1302,0.0880777,0.2
510,771,0.0876883,0.2
511,1262,0.0873008,0.2
512,836,0.0869153,0.2
513,951,0.0865317,0.2
514,1023,0.08615,0.2
515,1624,0.0857702,0.2
516,741,0.0853923,0.2
517,1170,0.0850163,0.2
518,1194,0.0846421,0.2
519,750,0.0842698,0.2
520,884,0.0838994,0.2
521,1203,0.0835308,0.2
522,1222,0.0831641,0.2
523,982,0.0827992,0.2
524,1049,0.0824361,0.2
525,1264,0.0820748,0.2
526,665,0.0817154,0.2
527,713,0.0813577,0.2
528,1109,0.0810018,0.2
529,1035,0.0806477,0.2
530,1146,0.0802953,0.2
531,695,0.0799447,0.2
532,1012,0.0795959,0.2
533,702,0.0792487,0.2
534,930,0.0789034,0.2
535,873,0.0785597,0.2
536,959,0.0782178,0.2
537,1280,0.0778775,0.2
538,961,0.077539,0.2
539,1113,0.0772021,0.2
540,764,0.076867,0.2
541,1046,0.0765335,0.2
542,1199,0.0762016,0.2
543,592,0.0758714,0.2
544,744,0.0755429,0.2
545,901,0.075216,0.2
546,944,0.0748907,0.2
547,1057,0.0745671,0.2
548,1084,0.0742451,0.2
549,964,0.0739246,0.2
550,1418,0.0736058,0.2
551,789,0.0732886,0.2
552,630,0.0729729,0.2
553,1407,0.0726589,0.2
554,1552,0.0723463,0.2
555,846,0.0720354,0.2
556,1015,0.071726,0.2
557,1391,0.0714181,0.2
558,995,0.0711118,0.2
559,876,0.070807,0.2
560,994,0.0705037,0.2
561,1110,0.070202,0.2
562,478,0.0699017,0.2
563,605,0.0696029,0.2
564,447,0.0693057,0.2
565,928,0.0690099,0.2
566,916,0.0687156,0.2
567,1152,0.0684227,0.2
568,1189,0.0681313,0.2
569,552,0.0678414,0.2
570,573,0.0675529,0.2
571,1300,0.0672659,0.2
572,785,0.0669803,0.2
573,920,0.0666961,0.2
574,995,0.0664133,0.2
575,1548,0.0661319,0.2
576,1126,0.065852,0.2
577,982,0.0655734,0.2
578,979,0.0652962,0.2
579,1073,0.0650205,0.2
580,1260,0.064746,0.2
581,729,0.064473,0.2
582,1527,0.0642013,0.2
583,1377,0.063931,0.2
584,913,0.063662,0.2
585,778,0.0633944,0.2
586,1104,0.063128,0.2
587,910,0.0628631,0.2
588,1489,0.0625994,0.2
589,826,0.0623371,0.2
590,545,0.062076,0.2
591,1356,0.0618163,0.2
592,722,0.0615579,0.2
593,1025,0.0613007,0.2
594,1052,0.0610449,0.2
595,476,0.0607903,0.2
596,900,0.060537,0.2
597,880,0.0602849,0.2
598,820,0.0600341,0.2
599,774,0.0597846,0.2
600,559,0.0595363,0.2
601,611,0.0592892,0.2
602,776,0.0590434,0.2
603,412,0.0587988,0.2
604,1037,0.0585554,0.2
605,1004,0.0583132,0.2
606,994,0.0580722,0.2
607,1007,0.0578325,0.2
608,956,0.0575939,0.2
609,640,0.0573565,0.2
610,589,0.0571203,0.2
611,1199,0.0568853,0.2
612,646,0.0566515,0.2
613,657,0.0564188,0.2
614,956,0.0561873,0.2
615,1751,0.0559569,0.2
616,805,0.0557277,0.2
617,1485,0.0554997,0.2
618,1518,0.0552727,0.2
619,1041,0.0550469,0.2
620,907,0.0548223,0.2
621,745,0.0545987,0.2
622,1227,0.0543763,0.2
623,982,0.0541549,0.2
624,1252,0.0539347,0.2
625,685,0.0537156,0.2
626,1308,0.0534976,0.2
627,1265,0.0532806,0.2
628,616,0.0530648,0.2
629,516,0.05285,0.2
630,1562,0.0526363,0.2
631,1032,0.0524236,0.2
632,345,0.052212,0.2
633,285,0.0520015,0.2
634,969,0.051792,0.2
635,1061,0.0515836,0.2
636,748,0.0513762,0.2
637,1079,0.0511698,0.2
638,733,0.0509645,0.2
639,906,0.0507602,0.2
640,814,0.0505569,0.2
641,463,0.0503546,0.2
642,1126,0.0501533,0.2
643,1537,0.049953,0.2
644,1417,0.0497538,0.2
645,693,0.0495555,0.2
646,954,0.0493582,0.2
647,650,0.0491619,0.2
648,1321,0.0489666,0.2
649,792,0.0487723,0.2
650,1342,0.0485789,0.2
651,1005,0.0483865,0.2
652,992,0.048195,0.2
653,461,0.0480045,0.2
654,1162,0.047815,0.2
655,771,0.0476264,0.2
656,1300,0.0474387,0.2
657,1233,0.047252,0.2
658,1035,0.0470662,0.2
659,1270,0.0468813,0.2
660,1222,0.0466974,0.2
661,736,0.0465143,0.2
662,423,0.0463322,0.2
663,826,0.046151,0.2
664,1130,0.0459707,0.2
665,584,0.0457913,0.2
666,1510,0.0456128,0.2
667,505,0.0454352,0.2
668,561,0.0452584,0.2
669,657,0.0450826,0.2
670,685,0.0449076,0.2
671,655,0.0447335,0.2
672,816,0.0445603,0.2
673,557,0.0443879,0.2
674,835,0.0442164,0.2
675,688,0.0440457,0.2
676,1266,0.0438759,0.2
677,1075,0.043707,0.2
678,787,0.0435389,0.2
679,812,0.0433716,0.2
680,526,0.0432051,0.2
681,982,0.0430395,0.2
682,863,0.0428748,0.2
683,532,0.0427108,0.2
684,941,0.0425476,0.2
685,1087,0.0423853,0.2
686,536,0.0422238,0.2
687,833,0.0420631,0.2
688,1028,0.0419032,0.2
689,898,0.041744,0.2
690,419,0.0415857,0.2
691,706,0.0414282,0.2
692,744,0.0412714,0.2
693,1380,0.0411155,0.2
694,830,0.0409603,0.2
695,992,0.0408059,0.2
696,1000,0.0406522,0.2
697,975,0.0404993,0.2
698,1058,0.0403472,0.2
699,688,0.0401959,0.2
700,636,0.0400453,0.2
701,791,0.0398954,0.2
702,933,0.0397463,0.2
703,724,0.0395979,0.2
704,463,0.0394503,0.2
705,900,0.0393034,0.2
706,1018,0.0391573,0.2
707,512,0.0390119,0.2
708,757,0.0388672,0.2
709,894,0.0387232,0.2
710,709,0.0385799,0.2
711,984,0.0384374,0.2
712,580,0.0382956,0.2
713,752,0.0381544,0.2
714,773,0.038014,0.2
715,570,0.0378743,0.2
716,662,0.0377353,0.2
717,734,0.0375969,0.2
718,863,0.0374593,0.2
719,864,0.0373223,0.2
720,637,0.0371861,0.2
721,333,0.0370505,0.2
722,861,0.0369156,0.2
723,468,0.0367813,0.2
724,600,0.0366478,0.2
725,685,0.0365148,0.2
726,901,0.0363826,0.2
727,620,0.036251,0.2
728,955,0.0361201,0.2
729,467,0.0359898,0.2
730,1063,0.0358602,0.2
731,809,0.0357312,0.2
732,618,0.0356029,0.2
733,401,0.0354752,0.2
734,979,0.0353481,0.2
735,985,0.0352217,0.2
736,496,0.0350959,0.2
737,781,0.0349707,0.2
738,853,0.0348462,0.2
739,370,0.0347223,0.2
740,731,0.034599,0.2
741,669,0.0344763,0.2
742,513,0.0343542,0.2
743,791,0.0342327,0.2
744,602,0.0341119,0.2
745,686,0.0339916,0.2
746,612,0.033872,0.2
747,466,0.0337529,0.2
748,773,0.0336344,0.2
749,988,0.0335166,0.2
750,997,0.0333993,0.2
751,1042,0.0332826,0.2
752,795,0.0331664,0.2
753,906,0.0330509,0.2
754,826,0.0329359,0.2
755,786,0.0328215,0.2
756,899,0.0327077,0.2
757,392,0.0325945,0.2
758,654,0.0324818,0.2
759,486,0.0323696,0.2
760,577,0.0322581,0.2
761,769,0.0321471,0.2
762,770,0.0320366,0.2
763,1397,0.0319267,0.2
764,582,0.0318173,0.2
765,524,0.0317085,0.2
766,815,0.0316003,0.2
767,645,0.0314925,0.2
768,437,0.0313853,0.2
769,468,0.0312787,0.2
770,737,0.0311725,0.2
771,567,0.0310669,0.2
772,446,0.0309619,0.2
773,513,0.0308573,0.2
774,540,0.0307533,0.2
775,943,0.0306498,0.2
776,690,0.0305468,0.2
777,369,0.0304443,0.2
778,551,0.0303424,0.2
779,999,0.0302409,0.2
780,586,0.0301399,0.2
781,493,0.0300395,0.2
782,1184,0.0299395,0.2
783,857,0.0298401,0.2
784,732,0.0297411,0.2
785,550,0.0296427,0.2
786,438,0.0295447,0.2
787,506,0.0294472,0.2
788,964,0.0293502,0.2
789,303,0.0292537,0.2
790,940,0.0291577,0.2
791,776,0.0290622,0.2
792,932,0.0289671,0.2
793,360,0.0288725,0.2
794,882,0.0287784,0.2
795,813,0.0286847,0.2
796,1152,0.0285915,0.2
797,181,0.0284988,0.2
798,1187,0.0284065,0.2
799,948,0.0283147,0.2
800,896,0.0282234,0.2
801,573,0.0281325,0.2
802,651,0.028042,0.2
803,1046,0.0279521,0.2
804,785,0.0278625,0.2
805,511,0.0277734,0.2
806,616,0.0276848,0.2
807,255,0.0275966,0.2
808,587,0.0275088,0.2
809,549,0.0274215,0.2
810,429,0.0273346,0.2
811,337,0.0272482,0.2
812,682,0.0271621,0.2
813,740,0.0270765,0.2
814,807,0.0269914,0.2
815,897,0.0269066,0.2
816,785,0.0268223,0.2
817,811,0.0267384,0.2
818,689,0.0266549,0.2
819,799,0.0265718,0.2
820,333,0.0264892,0.2
821,690,0.0264069,0.2
822,514,0.0263251,0.2
823,600,0.0262437,0.2
824,1273,0.0261627,0.2
825,695,0.0260821,0.2
826,595,0.0260019,0.2
827,632,0.0259221,0.2
828,707,0.0258426,0.2
829,925,0.0257636,0.2
830,606,0.025685,0.2
831,1059,0.0256068,0.2
832,488,0.0255289,0.2
833,912,0.0254515,0.2
834,444,0.0253744,0.2
835,518,0.0252977,0.2
836,545,0.0252214,0.2
837,992,0.0251455,0.2
838,749,0.02507,0.2
839,696,0.0249948,0.2
840,356,0.02492,0.2
841,568,0.0248456,0.2
842,587,0.0247716,0.2
843,397,0.0246979,0.2
844,496,0.0246246,0.2
845,555,0.0245517,0.2
846,730,0.0244791,0.2
847,823,0.0244069,0.2
848,953,0.024335,0.2
849,540,0.0242635,0.2
850,340,0.0241924,0.2
851,589,0.0241216,0.2
852,858,0.0240512,0.2
853,784,0.0239811,0.2
854,401,0.0239113,0.2
855,838,0.023842,0.2
856,969,0.0237729,0.2
857,1076,0.0237042,0.2
858,785,0.0236359,0.2
859,1106,0.0235679,0.2
860,815,0.0235002,0.2
861,843,0.0234329,0.2
862,1084,0.0233659,0.2
863,599,0.0232992,0.2
864,1044,0.0232329,0.2
865,711,0.0231669,0.2
866,590,0.0231012,0.2
867,503,0.0230359,0.2
868,1233,0.0229709,0.2
869,716,0.0229062,0.2
870,514,0.0228418,0.2
871,568,0.0227777,0.2
872,1094,0.022714,0.2
873,697,0.0226506,0.2
874,920,0.0225875,0.2
875,864,0.0225247,0.2
876,348,0.0224623,0.2
877,406,0.0224001,0.2
878,819,0.0223383,0.2
879,762,0.0222767,0.2
880,436,0.0222155,0.2
881,830,0.0221546,0.2
882,920,0.0220939,0.2
883,834,0.0220336,0.2
884,621,0.0219736,0.2
885,726,0.0219139,0.2
886,724,0.0218545,0.2
887,394,0.0217953,0.2
888,440,0.0217365,0.2
889,504,0.021678,0.2
890,313,0.0216197,0.2
891,311,0.0215618,0.2
892,566,0.0215041,0.2
893,808,0.0214467,0.2
894,803,0.0213896,0.2
895,584,0.0213328,0.2
896,392,0.0212763,0.2
897,1026,0.0212201,0.2
898,957,0.0211641,0.2
899,577,0.0211084,0.2
900,892,0.021053,0.2
901,915,0.0209979,0.2
902,910,0.0209431,0.2
903,672,0.0208885,0.2
904,1080,0.0208342,0.2
905,734,0.0207801,0.2
906,399,0.0207264,0.2
907,711,0.0206729,0.2
908,710,0.0206196,0.2
909,847,0.0205667,0.2
910,515,0.020514,0.2
911,674,0.0204615,0.2
912,464,0.0204094,0.2
913,236,0.0203574,0.2
914,432,0.0203058,0.2
915,854,0.0202544,0.2
916,1038,0.0202032,0.2
917,753,0.0201523,0.2
918,569,0.0201017,0.2
919,400,0.0200513,0.2
920,970,0.0200012,0.2
921,866,0.0199513,0.2
922,557,0.0199017,0.2
923,288,0.0198523,0.2
924,427,0.0198032,0.2
925,287,0.0197543,0.2
926,476,0.0197056,0.2
927,699,0.0196572,0.2
928,794,0.019609,0.2
929,387,0.0195611,0.2
930,561,0.0195134,0.2
931,888,0.019466,0.2
932,468,0.0194188,0.2
933,507,0.0193718,0.2
934,1108,0.0193251,0.2
935,588,0.0192785,0.2
936,532,0.0192323,0.2
937,462,0.0191862,0.2
938,331,0.0191404,0.2
939,316,0.0190948,0.2
940,640,0.0190495,0.2
941,694,0.0190043,0.2
942,774,0.0189594,0.2
943,1018,0.0189147,0.2
944,748,0.0188703,0.2
945,594,0.018826,0.2
946,682,0.018782,0.2
947,472,0.0187382,0.2
948,566,0.0186946,0.2
949,579,0.0186513,0.2
950,363,0.0186081,0.2
951,698,0.0185652,0.2
952,859,0.0185225,0.2
953,771,0.01848,0.2
954,634,0.0184377,0.2
955,477,0.0183956,0.2
956,619,0.0183537,0.2
957,743,0.018312,0.2
958,511,0.0182706,0.2
959,699,0.0182293,0.2
960,627,0.0181883,0.2
961,334,0.0181474,0.2
962,554,0.0181068,0.2
963,840,0.0180664,0.2
964,630,0.0180261,0.2
965,831,0.0179861,0.2
966,995,0.0179463,0.2
967,749,0.0179067,0.2
968,900,0.0178672,0.2
969,546,0.017828,0.2
970,923,0.0177889,0.2
971,463,0.0177501,0.2
972,580,0.0177114,0.2
973,514,0.017673,0.2
974,447,0.0176347,0.2
975,903,0.0175966,0.2
976,422,0.0175587,0.2
977,938,0.017521,0.2
978,556,0.0174835,0.2
979,374,0.0174462,0.2
980,379,0.0174091,0.2
981,638,0.0173721,0.2
982,532,0.0173353,0.2
983,757,0.0172988,0.2
984,371,0.0172624,0.2
985,456,0.0172261,0.2
986,631,0.0171901,0.2
987,736,0.0171542,0.2
988,549,0.0171186,0.2
989,885,0.0170831,0.2
990,772,0.0170477,0.2
991,811,0.0170126,0.2
992,657,0.0169776,0.2
993,399,0.0169428,0.2
994,583,0.0169082,0.2
995,628,0.0168737,0.2
996,365,0.0168394,0.2
997,502,0.0168053,0.2
998,692,0.0167714,0.2
999,381,0.0167376,0.2
1000,634,0.016704,0.2
1001,262,0.0166706,0.2
1002,439,0.0166373,0.2
1003,714,0.0166042,0.2
1004,566,0.0165713,0.2
1005,551,0.0165385,0.2
1006,840,0.0165059,0.2
1007,494,0.0164734,0.2
1008,485,0.0164411,0.2
1009,493,0.016409,0.2
1010,723,0.016377,0.2
1011,685,0.0163452,0.2
1012,346,0.0163136,0.2
1013,631,0.0162821,0.2
1014,671,0.0162508,0.2
1015,678,0.0162196,0.2
1016,1101,0.0161886,0.2
1017,656,0.0161577,0.2
1018,659,0.016127,0.2
1019,796,0.0160964,0.2
1020,593,0.016066,0.2
1021,434,0.0160358,0.2
1022,572,0.0160057,0.2
1023,479,0.0159757,0.2
1024,443,0.0159459,0.2
1025,939,0.0159163,0.2
1026,328,0.0158868,0.2
1027,481,0.0158574,0.2
1028,640,0.0158282,0.2
1029,366,0.0157991,0.2
1030,455,0.0157702,0.2
1031,469,0.0157414,0.2
1032,383,0.0157128,0.2
1033,639,0.0156843,0.2
1034,1001,0.0156559,0.2
1035,479,0.0156277,0.2
1036,523,0.0155997,0.2
1037,591,0.0155717,0.2
1038,594,0.0155439,0.2
1039,331,0.0155163,0.2
1040,676,0.0154888,0.2
1041,561,0.0154614,0.2
1042,634,0.0154342,0.2
1043,826,0.0154071,0.2
1044,610,0.0153801,0.2
1045,415,0.0153533,0.2
1046,809,0.0153266,0.2
1047,782,0.0153,0.2
1048,675,0.0152736,0.2
1049,816,0.0152473,0.2
1050,980,0.0152211,0.2
1051,766,0.015195,0.2
1052,662,0.0151691,0.2
1053,583,0.0151434,0.2
1054,679,0.0151177,0.2
1055,525,0.0150922,0.2
1056,534,0.0150668,0.2
1057,593,0.0150415,0.2
1058,392,0.0150164,0.2
1059,671,0.0149913,0.2
1060,556,0.0149664,0.2
1061,502,0.0149417,0.2
1062,330,0.014917,0.2
1063,316,0.0148925,0.2
1064,522,0.0148681,0.2
1065,525,0.0148438,0.2
1066,528,0.0148197,0.2
1067,416,0.0147956,0.2
1068,362,0.0147717,0.2
1069,384,0.0147479,0.2
1070,568,0.0147242,0.2
1071,438,0.0147007,0.2
1072,690,0.0146772,0.2
1073,315,0.0146539,0.2
1074,592,0.0146307,0.2
1075,254,0.0146076,0.2
1076,454,0.0145846,0.2
1077,676,0.0145617,0.2
1078,350,0.014539,0.2
1079,487,0.0145164,0.2
1080,481,0.0144938,0.2
1081,469,0.0144714,0.2
1082,694,0.0144491,0.2
1083,428,0.0144269,0.2
1084,389,0.0144048,0.2
1085,519,0.0143829,0.2
1086,514,0.014361,0.2
1087,326,0.0143393,0.2
1088,417,0.0143176,0.2
1089,599,0.0142961,0.2
1090,320,0.0142747,0.2
1091,456,0.0142533,0.2
1092,586,0.0142321,0.2
1093,660,0.014211,0.2
1094,297,0.01419,0.2
1095,350,0.0141691,0.2
1096,421,0.0141483,0.2
1097,338,0.0141276,0.2
1098,407,0.014107,0.2
1099,452,0.0140866,0.2
1100,249,0.0140662,0.2
1101,269,0.0140459,0.2
1102,331,0.0140257,0.2
1103,456,0.0140056,0.2
1104,425,0.0139857,0.2
1105,247,0.0139658,0.2
1106,624,0.013946,0.2
1107,385,0.0139263,0.2
1108,725,0.0139067,0.2
1109,530,0.0138873,0.2
1110,332,0.0138679,0.2
1111,394,0.0138486,0.2
1112,652,0.0138294,0.2
1113,401,0.0138103,0.2
1114,441,0.0137913,0.2
1115,259,0.0137724,0.2
1116,538,0.0137536,0.2
1117,348,0.0137348,0.2
1118,631,0.0137162,0.2
1119,439,0.0136977,0.2
1120,612,0.0136792,0.2
1121,529,0.0136609,0.2
1122,414,0.0136426,0.2
1123,444,0.0136245,0.2
1124,503,0.0136064,0.2
1125,434,0.0135884,0.2
1126,667,0.0135705,0.2
1127,584,0.0135527,0.2
1128,568,0.013535,0.2
1129,660,0.0135173,0.2
1130,322,0.0134998,0.2
1131,582,0.0134823,0.2
1132,566,0.013465,0.2
1133,905,0.0134477,0.2
1134,945,0.0134305,0.2
1135,387,0.0134134,0.2
1136,877,0.0133964,0.2
1137,475,0.0133794,0.2
1138,447,0.0133626,0.2
1139,293,0.0133458,0.2
1140,1005,0.0133291,0.2
1141,572,0.0133125,0.2
1142,455,0.013296,0.2
1143,824,0.0132795,0.2
1144,370,0.0132632,0.2
1145,410,0.0132469,0.2
1146,843,0.0132307,0.2
1147,456,0.0132146,0.2
1148,700,0.0131986,0.2
1149,702,0.0131826,0.2
1150,373,0.0131667,0.2
1151,846,0.013151,0.2
1152,814,0.0131352,0.2
1153,681,0.0131196,0.2
1154,516,0.013104,0.2
1155,452,0.0130886,0.2
1156,683,0.0130732,0.2
1157,423,0.0130578,0.2
1158,516,0.0130426,0.2
1159,395,0.0130274,0.2
1160,270,0.0130123,0.2
1161,577,0.0129973,0.2
1162,649,0.0129823,0.2
1163,411,0.0129675,0.2
1164,501,0.0129527,0.2
1165,429,0.0129379,0.2
1166,380,0.0129233,0.2
1167,681,0.0129087,0.2
1168,289,0.0128942,0.2
1169,202,0.0128798,0.2
1170,290,0.0128654,0.2
1171,196,0.0128511,0.2
1172,467,0.0128369,0.2
1173,315,0.0128227,0.2
1174,265,0.0128087,0.2
1175,709,0.0127946,0.2
1176,562,0.0127807,0.2
1177,501,0.0127668,0.2
1178,186,0.012753,0.2
1179,403,0.0127393,0.2
1180,492,0.0127256,0.2
1181,550,0.0127121,0.2
1182,397,0.0126985,0.2
1183,156,0.0126851,0.2
1184,568,0.0126717,0.2
1185,654,0.0126583,0.2
1186,665,0.0126451,0.2
1187,369,0.0126319,0.2
1188,379,0.0126188,0.2
1189,506,0.0126057,0.2
1190,655,0.0125927,0.2
1191,613,0.0125798,0.2
1192,619,0.0125669,0.2
1193,297,0.0125541,0.2
1194,452,0.0125414,0.2
1195,811,0.0125287,0.2
1196,455,0.0125161,0.2
1197,283,0.0125035,0.2
1198,644,0.0124911,0.2
1199,991,0.0124786,0.2
1200,568,0.0124663,0.2
1201,764,0.012454,0.2
1202,401,0.0124417,0.2
1203,677,0.0124295,0.2
1204,185,0.0124174,0.2
1205,424,0.0124054,0.2
1206,277,0.0123934,0.2
1207,445,0.0123814,0.2
1208,581,0.0123696,0.2
1209,215,0.0123577,0.2
1210,523,0.012346,0.2
1211,377,0.0123343,0.2
1212,317,0.0123226,0.2
1213,849,0.0123111,0.2
1214,305,0.0122995,0.2
1215,346,0.0122881,0.2
1216,572,0.0122766,0.2
1217,336,0.0122653,0.2
1218,567,0.012254,0.2
1219,155,0.0122428,0.2
1220,816,0.0122316,0.2
1221,468,0.0122204,0.2
1222,374,0.0122094,0.2
1223,991,0.0121983,0.2
1224,501,0.0121874,0.2
1225,998,0.0121765,0.2
1226,404,0.0121656,0.2
1227,311,0.0121548,0.2
1228,489,0.0121441,0.2
1229,609,0.0121334,0.2
1230,458,0.0121227,0.2
1231,542,0.0121121,0.2
1232,825,0.0121016,0.2
1233,534,0.0120911,0.2
1234,573,0.0120807,0.2
1235,499,0.0120703,0.2
1236,684,0.01206,0.2
1237,622,0.0120497,0.2
1238,499,0.0120395,0.2
1239,627,0.0120293,0.2
1240,355,0.0120192,0.2
1241,571,0.0120091,0.2
1242,586,0.0119991,0.2
1243,508,0.0119891,0.2
1244,537,0.0119792,0.2
1245,268,0.0119694,0.2
1246,895,0.0119595,0.2
1247,760,0.0119498,0.2
1248,342,0.01194,0.2
1249,990,0.0119304,0.2
1250,566,0.0119207,0.2
1251,394,0.0119111,0.2
1252,507,0.0119016,0.2
1253,384,0.0118921,0.2
1254,408,0.0118827,0.2
1255,597,0.0118733,0.2
1256,237,0.011864,0.2
1257,416,0.0118547,0.2
1258,450,0.0118454,0.2
1259,685,0.0118362,0.2
1260,246,0.0118271,0.2
1261,942,0.0118179,0.2
1262,314,0.0118089,0.2
1263,205,0.0117999,0.2
1264,392,0.0117909,0.2
1265,997,0.0117819,0.2
1266,523,0.0117731,0.2
1267,1254,0.0117642,0.2
1268,406,0.0117554,0.2
1269,287,0.0117467,0.2
1270,516,0.0117379,0.2
1271,476,0.0117293,0.2
1272,377,0.0117207,0.2
1273,292,0.0117121,0.2
1274,376,0.0117035,0.2
1275,467,0.011695,0.2
1276,412,0.0116866,0.2
1277,627,0.0116782,0.2
1278,703,0.0116698,0.2
1279,710,0.0116615,0.2
1280,257,0.0116532,0.2
1281,525,0.0116449,0.2
1282,577,0.0116367,0.2
1283,478,0.0116286,0.2
1284,838,0.0116205,0.2
1285,668,0.0116124,0.2
1286,648,0.0116043,0.2
1287,536,0.0115963,0.2
1288,304,0.0115884,0.2
1289,411,0.0115804,0.2
1290,481,0.0115726,0.2
1291,430,0.0115647,0.2
1292,778,0.0115569,0.2
1293,800,0.0115491,0.2
1294,641,0.0115414,0.2
1295,560,0.0115337,0.2
1296,306,0.0115261,0.2
1297,885,0.0115185,0.2
1298,550,0.0115109,0.2
1299,411,0.0115034,0.2
1300,137,0.0114959,0.2
1301,484,0.0114884,0.2
1302,441,0.011481,0.2
1303,638,0.0114736,0.2
1304,445,0.0114662,0.2
1305,330,0.0114589,0.2
1306,188,0.0114517,0.2
1307,480,0.0114444,0.2
1308,695,0.0114372,0.2
1309,388,0.01143,0.2
1310,599,0.0114229,0.2
1311,440,0.0114158,0.2
1312,394,0.0114088,0.2
1313,426,0.0114017,0.2
1314,372,0.0113947,0.2
1315,301,0.0113878,0.2
1316,386,0.0113809,0.2
1317,618,0.011374,0.2
1318,264,0.0113671,0.2
1319,617,0.0113603,0.2
1320,361,0.0113535,0.2
1321,187,0.0113468,0.2
1322,322,0.01134,0.2
1323,475,0.0113334,0.2
1324,560,0.0113267,0.2
1325,317,0.0113201,0.2
1326,294,0.0113135,0.2
1327,389,0.011307,0.2
1328,709,0.0113004,0.2
1329,579,0.011294,0.2
1330,475,0.0112875,0.2
1331,384,0.0112811,0.2
1332,549,0.0112747,0.2
1333,267,0.0112683,0.2
1334,372,0.011262,0.2
1335,518,0.0112557,0.2
1336,817,0.0112495,0.2
1337,160,0.0112432,0.2
1338,606,0.011237,0.2
1339,352,0.0112308,0.2
1340,485,0.0112247,0.2
1341,435,0.0112186,0.2
1342,422,0.0112125,0.2
1343,524,0.0112065,0.2
1344,459,0.0112005,0.2
1345,324,0.0111945,0.2
1346,384,0.0111885,0.2
1347,328,0.0111826,0.2
1348,356,0.0111767,0.2
1349,344,0.0111708,0.2
1350,519,0.011165,0.2
1351,309,0.0111592,0.2
1352,256,0.0111534,0.2
1353,497,0.0111476,0.2
1354,356,0.0111419,0.2
1355,336,0.0111362,0.2
1356,568,0.0111306,0.2
1357,352,0.0111249,0.2
1358,238,0.0111193,0.2
1359,346,0.0111137,0.2
1360,197,0.0111082,0.2
1361,315,0.0111026,0.2
1362,351,0.0110971,0.2
1363,377,0.0110917,0.2
